frame,landmark_left_shoulder_x,landmark_left_shoulder_y,landmark_left_shoulder_z,landmark_right_shoulder_x,landmark_right_shoulder_y,landmark_right_shoulder_z,landmark_left_elbow_x,landmark_left_elbow_y,landmark_left_elbow_z,landmark_right_elbow_x,landmark_right_elbow_y,landmark_right_elbow_z,landmark_left_wrist_x,landmark_left_wrist_y,landmark_left_wrist_z,landmark_right_wrist_x,landmark_right_wrist_y,landmark_right_wrist_z,landmark_left_hip_x,landmark_left_hip_y,landmark_left_hip_z,landmark_right_hip_x,landmark_right_hip_y,landmark_right_hip_z
1,0.681541383266449,0.6384361982345581,-0.32053014636039734,0.4136437177658081,0.6248056292533875,-0.30649814009666443,0.741334080696106,0.5224593281745911,-0.616287887096405,0.3704172968864441,0.5151664018630981,-0.6476277112960815,0.7435876727104187,0.3911287188529968,-0.7525067329406738,0.37830865383148193,0.3699808418750763,-0.9207411408424377,0.6104241013526917,0.9126266837120056,0.0194685198366642,0.4038298726081848,0.9060465693473816,-0.019663522019982338
2,0.6810885965824127,0.6385329961776733,-0.24442782998085022,0.41513022780418396,0.6261663436889648,-0.2299128696322441,0.7406798601150513,0.5224584937095642,-0.5142953246831894,0.37245264649391174,0.5159682333469391,-0.5466882586479187,0.7417895197868347,0.39025895297527313,-0.653317004442215,0.3809943199157715,0.37210166454315186,-0.8005214035511017,0.6116368472576141,0.9168037176132202,0.015331227332353592,0.4039521962404251,0.9105264544487,-0.015549983363598585
3,0.6809418201446533,0.6390118400255839,-0.20768396059672037,0.41612332065900165,0.6269871592521667,-0.17089719822009405,0.7404583692550659,0.5224273006121317,-0.48042099674542743,0.37337373693784076,0.5166784127553304,-0.4758340318997701,0.7398273547490438,0.38881756862004596,-0.6355920433998108,0.3831748565038045,0.3727932373682658,-0.7323059837023417,0.612067461013794,0.9212532242139181,0.008558568079024553,0.4039239486058553,0.9143012563387553,-0.008805930769691864
4,0.6810562163591385,0.6397630125284195,-0.19042080640792847,0.41710933297872543,0.6275520026683807,-0.13331677811220288,0.7401993274688721,0.5223528891801834,-0.4495675414800644,0.37415823340415955,0.5170307159423828,-0.4128504656255245,0.7377556413412094,0.3880544826388359,-0.6129094213247299,0.3857191801071167,0.37304556369781494,-0.6664868071675301,0.6132657080888748,0.9246796220541,0.0023336716694757342,0.40388984978199005,0.9176608324050903,-0.002606705413199961
5,0.6813418388366699,0.6404266357421875,-0.18011367022991182,0.4180213451385498,0.6281879067420959,-0.10981293767690659,0.7399051427841187,0.5222999691963196,-0.4273684859275818,0.37472727298736574,0.5170986771583557,-0.3718967169523239,0.7362383246421814,0.38757866621017456,-0.5930451989173889,0.38825507164001466,0.37322803735733034,-0.6214437246322632,0.6144138932228088,0.9273055076599122,-0.0020314333029091357,0.40414873957633973,0.920243239402771,0.0017383786849677562
6,0.6816176295280456,0.6413506627082824,-0.12863058000802993,0.4196834206581116,0.6293257594108581,-0.04764609532430768,0.7393759489059448,0.5222584486007691,-0.3492319643497467,0.37659003138542174,0.5172791719436646,-0.27959289252758024,0.7335822701454162,0.3864775121212006,-0.5176749229431152,0.3926973819732666,0.374018931388855,-0.5163304746150971,0.6165108203887939,0.9323275327682495,-0.009371430892497302,0.4051115930080414,0.9249695301055908,0.009047404583543538
7,0.6821176171302795,0.642255699634552,-0.11174600869417191,0.4207464575767517,0.6299154162406921,-0.014237875584512949,0.7391172647476196,0.5219036221504212,-0.3236040771007538,0.3777934670448303,0.5170286297798157,-0.22569616436958312,0.7310086488723755,0.3854674994945526,-0.49784876704216,0.39625481963157655,0.3740053832530975,-0.46151875257492064,0.6181388139724732,0.9357597231864929,-0.015013837162405253,0.4053970456123352,0.9278771758079529,0.014662708435207606
8,0.6826090812683105,0.6429880619049072,-0.10798564702272415,0.4215968608856201,0.6303649783134461,-0.010237705800682307,0.7389232039451599,0.5210179448127746,-0.30806519389152526,0.3788740873336792,0.5166377902030945,-0.20991740822792054,0.7292656421661377,0.38490134477615356,-0.47568065524101255,0.3991230189800262,0.37391977906227114,-0.43972187042236327,0.6198341369628906,0.9373199820518494,-0.017678797990083695,0.40615893006324766,0.9293054342269897,0.017320116236805915
9,0.6829478502273559,0.6433103084564209,-0.10129927098751068,0.4220223665237427,0.630696427822113,-0.01108349347487092,0.7395248651504517,0.5201684594154358,-0.29578410983085635,0.3797031819820404,0.5161879897117615,-0.21156701743602752,0.7284718036651612,0.3843794822692871,-0.45993125438690186,0.40097370743751526,0.3739558279514313,-0.437744802236557,0.6207995176315307,0.938264799118042,-0.017903100699186325,0.406926429271698,0.9301929950714112,0.017546408623456956
10,0.6830775141716003,0.6434209942817688,-0.0853263072669506,0.42214627265930177,0.6307698011398315,-0.010395578760653734,0.7405690908432007,0.5194414734840394,-0.27257412374019624,0.3803465664386749,0.5158804535865784,-0.21435726284980774,0.727992844581604,0.3840455949306488,-0.43111999034881593,0.40176661014556886,0.37399885058403015,-0.4363617360591888,0.6213598608970642,0.9385671615600586,-0.016646805219352245,0.40747118592262266,0.9304979920387269,0.016301037184894084
11,0.6833350419998169,0.6435753583908081,-0.08909575715661049,0.4222377121448517,0.6308872818946838,-0.01646691933274269,0.7420062899589539,0.5187101721763611,-0.28119206726551055,0.38044477105140684,0.5158026099205018,-0.22269943952560425,0.7277704358100892,0.3837627649307251,-0.44089476466178895,0.4021469593048096,0.37405803203582766,-0.4471248805522919,0.6216429591178894,0.9390921354293823,-0.01547628901898861,0.4073191523551941,0.9311359167098999,0.015124533139169217
12,0.6837256669998169,0.6434881448745727,-0.08606956675648689,0.4223252356052399,0.6309972524642944,-0.024825265258550645,0.7442750096321106,0.5183259606361389,-0.2687272936105728,0.37970890998840334,0.5157947182655335,-0.23138976991176605,0.7287142753601075,0.38398085832595824,-0.4305204153060913,0.40220305919647215,0.37419726252555846,-0.4529401004314423,0.6220112085342407,0.9395114660263062,-0.013703757710754872,0.40780979990959165,0.9317091584205628,0.013350187055766582
13,0.6842551112174988,0.6432758212089539,-0.07373458072543145,0.42237465381622313,0.6310338973999023,-0.002631264925003052,0.7474135041236878,0.5193842053413391,-0.2508482873439789,0.3761819064617157,0.5156644701957702,-0.21070867478847505,0.7301163077354431,0.38482930064201354,-0.41857070922851564,0.4015773355960846,0.37451993823051455,-0.44459197521209715,0.6222370028495788,0.9400991916656494,-0.01438064854592085,0.4078762710094452,0.9323323011398316,0.013992357812821866
14,0.6848253965377807,0.6428348541259765,-0.06524954214692116,0.42238765954971313,0.631013035774231,0.012389248237013817,0.7511229157447815,0.5209422588348389,-0.24404282569885255,0.37099936604499817,0.51562579870224,-0.2000836104154587,0.7323827266693115,0.38615149855613706,-0.41045782566070554,0.4000027298927307,0.3748784363269806,-0.4438636302947998,0.6227727174758911,0.9403465867042542,-0.016323680989444256,0.4079568922519684,0.9323510885238647,0.015897984616458416
15,0.6857211947441101,0.6421905159950256,-0.06815607696771622,0.4223203122615814,0.6308706760406494,0.021723153069615364,0.755975353717804,0.5224726438522339,-0.25214427411556245,0.36357012391090393,0.5157708168029785,-0.19510417878627778,0.7355075359344483,0.3876087963581085,-0.4171113193035126,0.3974308133125305,0.37571648359298704,-0.44876410365104674,0.6235863327980041,0.9407715201377869,-0.018880526721477508,0.40831395983695984,0.932450819015503,0.01841752342879772
16,0.6865091800689698,0.6415056586265564,-0.061979013681411746,0.4221473574638367,0.6307724714279175,0.03403072841465473,0.7620657682418823,0.5248072266578674,-0.2505323439836502,0.3537919521331787,0.5164418339729309,-0.19083882868289948,0.7393153667449951,0.39025247693061826,-0.4153241395950317,0.39332513213157655,0.37773417830467226,-0.4515203177928925,0.6243275880813599,0.9408917546272277,-0.02127974797040224,0.40852198004722595,0.9323228597640991,0.020775319263339042
17,0.687500286102295,0.6409865975379944,-0.05973497480154037,0.42186065912246706,0.6308642745018005,0.043078987300395964,0.7703181743621826,0.5277713775634766,-0.259282985329628,0.3406880974769592,0.5190972089767456,-0.19810070097446442,0.7441338300704956,0.3941075801849365,-0.4184658586978912,0.3856034934520721,0.3811343967914581,-0.46464766263961793,0.6246376395225525,0.9410290360450745,-0.023873767629265786,0.40865023136138917,0.9322182655334472,0.023329083994030952
18,0.688495683670044,0.6403725862503051,-0.060883429646492,0.4214599907398224,0.6309525489807128,0.03160473629832268,0.7803130626678467,0.5306683301925659,-0.2655774176120758,0.32653985619544984,0.5234323143959045,-0.21908392012119293,0.7491912245750427,0.39838545918464663,-0.4161097347736359,0.37421133518218996,0.3862096667289734,-0.4775114834308624,0.6250562787055969,0.941014575958252,-0.0241990115493536,0.4090235769748688,0.9320545673370362,0.023639297112822533
19,0.6900672316551208,0.6398874521255493,-0.06124757379293442,0.42097729444503784,0.6310868263244629,0.02523912861943245,0.7919152617454529,0.5341304183006287,-0.27903379797935485,0.3106266438961029,0.5288883090019226,-0.23730009496212007,0.7559256315231323,0.4040033519268036,-0.43377861976623533,0.36067004799842833,0.39205761551856994,-0.49100716710090636,0.6250083684921265,0.9410084247589111,-0.023339691758155822,0.4092219710350037,0.9318200588226319,0.022768602520227433
20,0.691684901714325,0.6396277904510498,-0.060294774174690244,0.4201294302940369,0.6314272999763488,0.02568165734410286,0.8047951579093933,0.5382517337799072,-0.291499400138855,0.29255521297454834,0.5372289896011353,-0.2495967388153076,0.762156069278717,0.4098536193370819,-0.453157103061676,0.3465720772743225,0.3992804527282715,-0.5002064049243927,0.6246564030647278,0.9410490989685059,-0.0230658944696188,0.4087857663631439,0.9315024614334106,0.02246875688433647
21,0.6934780836105346,0.6395265221595764,-0.05505385287106037,0.41900251507759095,0.6318122148513794,0.02994707301259041,0.8188717246055603,0.5439862370491028,-0.2821434080600739,0.2725840866565704,0.5460034847259522,-0.2515995591878891,0.768716037273407,0.4168135762214661,-0.4398468017578125,0.3321391880512238,0.40661678910255433,-0.4973061144351959,0.62430499792099,0.9413040399551391,-0.023152198642492294,0.4084983944892883,0.9312475681304931,0.022535395249724387
22,0.6952443838119506,0.6394742250442504,-0.043761165463365614,0.41742900013923645,0.6324692606925965,0.0428412526845932,0.8314136981964111,0.5514585614204407,-0.26308059096336367,0.25437953770160676,0.5542510032653809,-0.22649479210376738,0.775148606300354,0.424407547712326,-0.42315566539764404,0.3169312059879303,0.4141305387020111,-0.4601828634738922,0.6244046211242675,0.9416829466819763,-0.02395920380949974,0.4081585884094238,0.9310549378395081,0.023316176235675813
23,0.6969245791435241,0.6395994782447815,-0.028402519994415343,0.4149786114692688,0.6334962964057922,0.06178616806864738,0.8430079817771912,0.559553349018097,-0.24372704327106476,0.23673445284366607,0.562541913986206,-0.20504239499568938,0.781393563747406,0.4323182046413422,-0.4073688745498657,0.30408468246459963,0.42229398488998415,-0.43255955576896665,0.6244606494903564,0.9421104669570923,-0.024494102224707603,0.407393079996109,0.9309741377830505,0.02381977215409279
24,0.6978512287139893,0.6403024196624756,-0.013056767941452562,0.4116373062133789,0.6348592400550842,0.07833521142601967,0.8534006237983703,0.5681803941726684,-0.22944218814373016,0.22116631865501404,0.5718314051628113,-0.18960765600204468,0.7865668177604676,0.44037312269210815,-0.3968489050865173,0.29449436664581297,0.43120940327644347,-0.4123485445976257,0.6243766784667969,0.9425203442573548,-0.02516602762043476,0.40635825991630553,0.9308709859848022,0.02445593327283859
25,0.6983955383300782,0.6410533905029296,-0.014956750930286944,0.40709864497184756,0.6362325072288513,0.07819176390767098,0.8619401216506958,0.5773181676864624,-0.24591081440448762,0.20581355690956116,0.5795909404754639,-0.19491646885871888,0.7924852490425109,0.4503657817840576,-0.43904802203178406,0.2847325921058655,0.44018012285232544,-0.4285076022148132,0.6242681503295898,0.942751669883728,-0.025655420497059822,0.40558387637138366,0.9307793736457824,0.02491949237883091
26,0.6987189769744873,0.6417525410652161,-0.03637788204941898,0.40222957730293274,0.6377907872200013,0.07159607745707035,0.8692424058914184,0.5852691650390625,-0.31465807259082795,0.1930548816919327,0.5879071354866028,-0.22055512964725493,0.7971254467964173,0.45938422679901125,-0.5564532339572906,0.27375243306159974,0.4515500724315643,-0.47996763586997987,0.6241151213645935,0.9426576972007752,-0.027674007415771484,0.40476626753807066,0.9302519202232361,0.02691303491592407
27,0.6986907839775085,0.6427956581115722,-0.05946350637823343,0.39747275710105895,0.6391937971115113,0.060888432711362836,0.8759081482887268,0.5924353241920471,-0.3734875112771988,0.18126593232154847,0.5965917468070984,-0.2580370932817459,0.8007199168205261,0.46790599822998047,-0.6436336517333985,0.2649444371461868,0.4641080439090729,-0.547481232881546,0.623414671421051,0.9421872973442078,-0.029374578967690468,0.40383981466293334,0.9294366359710693,0.02859785668551922
28,0.698615837097168,0.6442710757255554,-0.08300772178918123,0.3928905427455902,0.6408821821212769,0.044160590320825574,0.8822325587272644,0.6000810384750366,-0.42327986359596254,0.17161430716514586,0.6052851557731629,-0.28967927396297455,0.80368412733078,0.4766161501407623,-0.7151857614517212,0.25709120035171507,0.4755561947822571,-0.5955795109272003,0.622702419757843,0.9416906356811523,-0.03075018897652626,0.403090226650238,0.9286357879638671,0.029960411414504052
29,0.6978214859962464,0.645329749584198,-0.10373307317495346,0.38867676854133604,0.6426805019378662,0.030367494374513627,0.8872733592987061,0.6078694820404053,-0.43249374628067017,0.16287347078323364,0.6138824939727783,-0.3031375348567963,0.8051550626754761,0.485504025220871,-0.7203109323978424,0.24696761071681977,0.4877335548400879,-0.6197957277297974,0.6219507694244385,0.9409650683403015,-0.030915823951363563,0.4023974537849426,0.9275075674057007,0.03011215403676033
30,0.6968576192855835,0.646304702758789,-0.10586871653795242,0.38563150763511655,0.6444911956787109,0.027124664187431334,0.892426335811615,0.6168054938316345,-0.4100088894367218,0.15797912776470185,0.6232728242874146,-0.29934513568878174,0.8072456359863281,0.4942974507808685,-0.6802039325237275,0.23852209448814393,0.49993144869804385,-0.6207291722297669,0.6210808038711548,0.9400674700737,-0.02985486015677452,0.4017512023448944,0.9262441635131836,0.029054411128163336
31,0.6958214521408081,0.6473327517509461,-0.09347575306892394,0.3832337558269501,0.6464488625526428,0.028192217648029327,0.8966938734054566,0.6264527320861817,-0.3584483802318573,0.15478721559047698,0.6335819005966187,-0.28134549260139463,0.8114780426025391,0.504512631893158,-0.6063468635082245,0.232402041554451,0.5102962374687194,-0.5975026726722718,0.6199366688728333,0.9392491698265075,-0.02737334780395031,0.40100916028022765,0.9252658367156983,0.026586887240409852
32,0.6946267485618591,0.6481565475463867,-0.08632822036743164,0.3809342682361603,0.6482106924057007,0.021151854284107686,0.9002825140953064,0.6359191298484802,-0.3274498522281647,0.15165816843509675,0.6446348309516907,-0.28252360224723816,0.8151415824890137,0.5150409758090972,-0.5756345331668854,0.22763812243938447,0.5209430873394012,-0.6041345477104187,0.6191733241081238,0.9387717485427857,-0.024240513145923615,0.40045303106307983,0.9246968865394593,0.023472341895103454
33,0.6931012272834778,0.6487853169441223,-0.07733618542551994,0.37927361726760866,0.6494872450828553,0.017101166397333147,0.9030166745185852,0.6449331283569336,-0.3037943124771118,0.14903204143047333,0.6552829623222352,-0.2848095953464508,0.8187263965606689,0.5263897895812988,-0.5623848140239716,0.22372960150241852,0.5316755652427674,-0.6257960081100464,0.6183220863342285,0.9382640242576599,-0.021123154461383818,0.3998788893222809,0.924094843864441,0.020379919558763504
34,0.6923434138298035,0.6494126558303833,-0.06452657133340836,0.3779095530509949,0.6504224181175232,0.013350471295416355,0.9049962759017944,0.6551816463470459,-0.30372813940048216,0.1462656557559967,0.6653594613075257,-0.3037824869155884,0.8220710158348083,0.5369105458259582,-0.5957566380500794,0.22133713960647583,0.5409345984458923,-0.6726932287216186,0.6177222847938537,0.9379892945289612,-0.017963857017457487,0.39968621730804443,0.923882269859314,0.01724633648991585
35,0.6917587637901306,0.6505878090858459,-0.05266118012368679,0.3770298480987549,0.6513878583908081,0.012349152565002441,0.9057120323181153,0.6650189757347107,-0.3207191050052643,0.14394840598106384,0.6749959707260131,-0.33263500928878786,0.8235258817672729,0.5472285032272339,-0.6623291611671448,0.2188972920179367,0.5499255299568176,-0.7347813725471497,0.6173645496368408,0.9379257321357727,-0.015135488472878933,0.39944982528686523,0.9238572120666504,0.014428905583918095
36,0.6912448525428772,0.6516671538352966,-0.04535404928028584,0.37613632082939147,0.6520281076431275,0.009625362604856491,0.9058323621749877,0.6741739153862,-0.3272244453430176,0.141559374332428,0.6835431337356568,-0.36012108325958253,0.8227797508239746,0.5561348915100097,-0.7165740013122559,0.21636670529842378,0.5587437868118286,-0.7810518860816955,0.6173131942749024,0.9380281686782836,-0.012044176738709212,0.39921111464500425,0.923994243144989,0.011345572303980589
37,0.6908767104148865,0.6529860019683837,-0.031517590023577215,0.3755979001522064,0.6527379393577576,0.020480733551084995,0.9056787610054016,0.6829790353775025,-0.3244278073310852,0.14058520197868346,0.6909618258476258,-0.35884612798690796,0.8221387147903443,0.5641990900039673,-0.7437697291374207,0.21513181626796724,0.5662657856941223,-0.7988065600395202,0.6173596978187561,0.9380525112152099,-0.009739358071237802,0.39897373914718626,0.9241117477416992,0.009046629164367914
38,0.6908300399780274,0.6544272422790527,-0.023876887373626234,0.375030654668808,0.6535165190696717,0.01939340531826019,0.9048921465873718,0.6921970009803772,-0.31786529421806337,0.1401422679424286,0.698992121219635,-0.3663969039916992,0.8216570019721985,0.5718331813812256,-0.7661738514900207,0.21407467424869536,0.574337899684906,-0.8198127985000611,0.6175402522087097,0.9381614565849304,-0.0059289522236213085,0.39861839413642886,0.9243032217025757,0.005244219349697233
39,0.6908603787422181,0.6561989307403564,-0.027554172836244107,0.3748587131500244,0.6545712232589722,0.006904766522347927,0.9043646812438965,0.7002944707870483,-0.3237715780735016,0.14041306972503662,0.7070265054702759,-0.38945385813713074,0.8218903422355652,0.5803033113479614,-0.8016291737556458,0.2134435534477234,0.5829277396202087,-0.8700419187545776,0.6178112745285034,0.9382950901985169,-0.0023654308868572118,0.39826408624649046,0.9245601892471313,0.001695758244022727
40,0.6908902406692505,0.6578700065612793,-0.02488995511084795,0.37470505237579343,0.6558117628097534,0.0036207598866894843,0.9041014552116394,0.7076538920402526,-0.30202862024307253,0.14085068702697753,0.7141627669334412,-0.38975630402565004,0.8221629142761231,0.5879625082015991,-0.7976841568946839,0.2130164235830307,0.5904574155807495,-0.8705136060714722,0.6180944085121155,0.9384541988372803,0.00034825189504772425,0.39799290895462036,0.9248110771179199,-0.0010031441692262889
41,0.6908551812171936,0.6600606083869934,-0.019797402806580065,0.374615216255188,0.6570844888687134,0.00042666104272939267,0.9033786296844483,0.715315580368042,-0.2817492067813873,0.1417737990617752,0.720907461643219,-0.3808853566646576,0.8224138140678405,0.5960375189781189,-0.7707543015480042,0.21354669332504272,0.597361433506012,-0.872602355480194,0.6183606505393981,0.9386796355247498,0.0030788213247433306,0.39788363575935365,0.9251781702041626,-0.0037187877576798202
42,0.6910636901855469,0.6623410940170288,-0.029459713026881218,0.3745980679988861,0.6584235072135926,-0.010397484613349661,0.9025112152099609,0.7234449982643127,-0.3139835953712463,0.14309547543525697,0.7268709421157837,-0.4048723042011261,0.8238215446472168,0.6055440783500672,-0.8348076105117798,0.2138856440782547,0.6028048157691955,-0.9320717215538025,0.6187352061271667,0.9390512228012085,0.0047900572186335925,0.3978483736515045,0.9258507370948792,-0.005409947270527482
43,0.6913691639900208,0.6644552946090698,-0.039903129637241366,0.3747680127620697,0.6595157861709595,-0.01414360543130897,0.90070059299469,0.7310650229454041,-0.339042866230011,0.1457719087600708,0.7318207383155823,-0.4163695812225342,0.8256231904029846,0.6144633889198303,-0.8695538163185119,0.214193657040596,0.6070178627967835,-0.9732560992240906,0.6190295219421387,0.9394527077674866,0.004673687508329749,0.3977887749671936,0.9264814019203186,-0.005277058063074947
44,0.6916903376579284,0.6663075685501099,-0.04692557156085968,0.37494967579841615,0.6603188276290893,-0.008723748748889194,0.8978386402130127,0.7378701448440552,-0.34865800142288206,0.14980088472366332,0.7368338942527771,-0.3998986482620239,0.8275191426277161,0.6226345658302307,-0.88329519033432,0.21459543704986572,0.6106056094169616,-0.9607401609420776,0.6191876411437989,0.93986896276474,0.0030884304782375694,0.3977300047874451,0.9273455142974854,-0.00367610837565735
45,0.692001736164093,0.667862343788147,-0.04793129414319992,0.3750985085964203,0.6610634922981262,-0.00644159151124768,0.893531060218811,0.7449456095695496,-0.3484897255897522,0.15482908487319946,0.7414555191993714,-0.38342268466949464,0.8300575733184814,0.6304795265197753,-0.8841998219490051,0.21498392820358275,0.6143786668777466,-0.9698809742927551,0.6192903518676758,0.9403249621391296,0.001915827915945556,0.39772037863731385,0.9283746361732483,-0.0024938292452134194
46,0.6923374772071839,0.6690635085105896,-0.04673900250345468,0.3752946436405182,0.6617954492568969,0.0017934736795723438,0.8881716370582581,0.7519583582878113,-0.35899911522865297,0.16034791767597198,0.7454727053642273,-0.38019521832466124,0.8331938028335572,0.6374846339225769,-0.9195828914642334,0.21519109308719636,0.6181368708610535,-0.9965318322181702,0.6197831034660339,0.9406779289245606,0.0003745608701137826,0.3977541208267212,0.9293535590171814,-0.0009397539659403264
47,0.6923799276351928,0.6699339747428894,-0.03534262627363205,0.3754230797290802,0.6623896479606628,0.010594289004802703,0.8816197991371155,0.7582720041275024,-0.3134411573410034,0.16631197929382324,0.7496217370033265,-0.34561286568641664,0.8356608390808106,0.643280851840973,-0.8589155554771424,0.21530559957027434,0.6221766829490661,-0.9407870054244996,0.6201290845870971,0.9408698558807373,6.542486080434174e-05,0.39777196645736695,0.9299283266067505,-0.000627560808788985
48,0.6923249125480652,0.6706602692604064,-0.019569129310548307,0.375559538602829,0.6629846811294555,0.02224831860512495,0.8755112528800965,0.7638393998146057,-0.2801367938518524,0.17200177907943726,0.7531493067741394,-0.3167245924472809,0.8379604697227478,0.6479437708854675,-0.830363929271698,0.21576563715934755,0.6257149815559387,-0.8967345952987671,0.6207963943481445,0.9409206867218017,9.057178976945579e-06,0.3979910731315613,0.9304339051246643,-0.0005680384929291904
49,0.6921462416648865,0.671234130859375,-0.0014248108491301537,0.37581467628479004,0.6634861469268799,0.03336236570030451,0.8693684577941895,0.7687270998954773,-0.2504615992307663,0.17681556642055513,0.7553190231323242,-0.2955223619937897,0.8395773410797119,0.6515302658081055,-0.8055635333061218,0.21685028076171875,0.6286163806915284,-0.8667736291885376,0.6216031908988953,0.9409448027610778,0.0010085641843033955,0.39829939007759096,0.9306631207466125,-0.0015696934657171368
50,0.6919029474258422,0.6717242121696472,0.011044696904718876,0.3761552393436432,0.6637020468711853,0.042170978337526324,0.8643558025360107,0.7726470112800599,-0.22387024462223054,0.1806192636489868,0.757001769542694,-0.2753522127866745,0.8407670497894287,0.6544217705726624,-0.763748824596405,0.21830987930297852,0.6308572888374329,-0.822312331199646,0.6222939014434814,0.9409924745559692,0.0017572139026015066,0.39851565957069396,0.9306914210319519,-0.0023181338561698793
51,0.6915855407714844,0.6721140384674072,0.019073131307959557,0.37651616930961607,0.6639136791229248,0.04388127401471138,0.8602381229400635,0.7751798868179322,-0.19598434269428253,0.1836021810770035,0.7588324308395386,-0.2579463511705399,0.8414580702781678,0.656986665725708,-0.7188913583755493,0.21990300714969635,0.6324332475662231,-0.7826867938041687,0.6225453853607178,0.9410444378852845,0.0027127095963805914,0.39865856170654296,0.9306525588035583,-0.0032783613540232183
52,0.6913282990455627,0.6723617076873779,0.02592011112719774,0.3769397258758545,0.6640081286430359,0.045945349335670474,0.8575470089912415,0.777142858505249,-0.18484226763248443,0.18602881133556365,0.7598692536354065,-0.2634167939424515,0.8418591022491455,0.6582369327545166,-0.7003324389457702,0.22162453532218934,0.6335904359817505,-0.8118752121925354,0.6227846741676331,0.9410749316215515,0.003532774338964373,0.39875770211219785,0.930529773235321,-0.004102661879733205
53,0.6910901069641113,0.672773277759552,0.03096270337700844,0.3773386001586914,0.6641071796417236,0.04924056529998779,0.8553502798080445,0.7788178205490113,-0.1676332861185074,0.1876032382249832,0.7607851505279541,-0.24761410057544708,0.8420460104942322,0.6594911098480225,-0.6758160471916199,0.22295896708965302,0.6350102663040161,-0.7902212858200073,0.6232010841369628,0.9411757230758667,0.0038728946819901466,0.39915492534637453,0.9305689215660096,-0.004442972037941218
54,0.6909476041793823,0.6731977701187134,0.03943661227822304,0.37771294713020326,0.6642110705375671,0.05725601837038994,0.8541820526123047,0.7800679922103881,-0.1448281615972519,0.1890698790550232,0.7613277316093445,-0.22999599277973176,0.8422932147979736,0.6601097464561463,-0.6415034174919129,0.22360178530216218,0.63646240234375,-0.7680175304412842,0.6236143350601197,0.9412643074989319,0.003589356876909733,0.39952223300933837,0.9305817246437073,-0.004160852171480656
55,0.6909000992774963,0.6736193537712097,0.04060918763279915,0.3779978394508362,0.6643153667449951,0.06142198592424393,0.853406572341919,0.780590271949768,-0.1456396371126175,0.19026849567890167,0.7617100477218628,-0.22475968301296234,0.8426049828529358,0.6602241635322571,-0.6440154552459717,0.223802649974823,0.6375233650207519,-0.7637221813201904,0.6240881443023681,0.9412522077560425,0.0032117567956447602,0.39984574913978577,0.9305990695953369,-0.003784019919112325
56,0.691029691696167,0.6738139390945435,0.03803891874849796,0.3782123327255249,0.6643121600151062,0.06445630118250847,0.8537070035934449,0.7807701110839844,-0.1465857982635498,0.19112115502357482,0.7614999890327454,-0.21921120285987855,0.843312656879425,0.659582257270813,-0.6410730838775635,0.22362956404685974,0.6381345272064209,-0.7660249590873718,0.6245699048042297,0.9412215113639831,0.0025711557129397987,0.4000610649585724,0.9305025100708008,-0.003141841944307089
57,0.6913150548934937,0.6740136504173279,0.03564495369791985,0.3782176852226257,0.6642790794372558,0.06357766836881637,0.8554803133010864,0.7792007684707641,-0.1422083258628845,0.1898938685655594,0.7611313223838806,-0.21713042855262757,0.8443214058876037,0.657544982433319,-0.6362775921821594,0.22300424575805664,0.6369980335235595,-0.745470666885376,0.6249470949172974,0.9412246108055115,0.0019648973364382984,0.4003089487552643,0.9304514169692993,-0.002537105791270733
58,0.6915930271148681,0.673942232131958,0.031974203512072565,0.3780802428722382,0.6642264127731323,0.05570874698460102,0.8601523756980896,0.7748195409774781,-0.14369597434997558,0.1860105186700821,0.7577525973320007,-0.2422107756137848,0.846004331111908,0.6526473045349122,-0.6377892613410949,0.22190143764019013,0.6331958293914794,-0.7727507472038269,0.624753999710083,0.9412135124206543,0.0017824116395786405,0.40020307898521423,0.9302339553833008,-0.0023640322033315897
59,0.692030394077301,0.6737277865409851,0.05044391863048077,0.37742711901664733,0.6639294862747193,0.06682946868240833,0.8688464879989624,0.7674992561340332,-0.12393781132996082,0.17944406867027282,0.7507953405380249,-0.24332945942878723,0.84768625497818,0.6450525164604187,-0.602514237165451,0.220588880777359,0.6256446480751038,-0.7629337787628174,0.6244961142539978,0.9412032127380371,0.0017690471606329084,0.3998481571674347,0.9300141334533691,-0.0023635605350136755
60,0.6924985885620117,0.672872531414032,0.06612256951630116,0.3767705798149109,0.6631770133972168,0.0791796762496233,0.878897488117218,0.7574541687965393,-0.09672727920114994,0.17196288406848909,0.7403072357177735,-0.23307023644447328,0.8492279410362243,0.6340506196022033,-0.5448748886585235,0.2188679039478302,0.6153946995735169,-0.7358978509902954,0.6241923809051514,0.941166365146637,0.0015873490367084742,0.3995048046112061,0.9295781254768372,-0.0021993016358464955
61,0.6928980827331543,0.6713188052177429,0.079913941770792,0.376225346326828,0.6617781519889832,0.0897035364061594,0.8904086709022522,0.7440859794616699,-0.0750954445451498,0.16342764496803283,0.7260159969329834,-0.2256253778934479,0.8506882071495057,0.6197865724563598,-0.5016469657421112,0.21678518652915954,0.6014200687408447,-0.6961808443069458,0.6239259123802186,0.9411450266838074,0.00010740004945546389,0.39931228160858157,0.9291464686393738,-0.0007373430766165256
62,0.693261694908142,0.6691708445549012,0.08484169729053974,0.37587538957595823,0.6602453827857971,0.10126201026141643,0.9024040818214416,0.7279079794883728,-0.06365772746503354,0.1560686558485031,0.7084290027618408,-0.19939254224300385,0.8519735932350159,0.6028282403945923,-0.4615122854709625,0.21446240842342376,0.5852034568786622,-0.6144665658473969,0.6237355589866638,0.9410800814628602,-0.002082294970750809,0.3991104066371918,0.9283946752548218,0.00142862256616354
63,0.6936872243881226,0.6667723655700684,0.08513415604829788,0.37566165924072265,0.6584641218185425,0.1158037856221199,0.9125046253204345,0.7100766420364379,-0.07288635335862637,0.1513290971517563,0.6900018453598022,-0.16965444386005402,0.8532334089279174,0.5855055451393127,-0.4359176099300385,0.21242838501930236,0.5676895380020142,-0.551138836145401,0.6236928701400757,0.9409706592559814,-0.005839252169243992,0.3989794135093689,0.9277143955230713,0.005160912917926907
64,0.6940529346466064,0.6633042931556702,0.049152519553899765,0.3758440732955933,0.6560798287391663,0.10574004501104355,0.9180460214614868,0.6912531137466431,-0.12353769019246101,0.14885278046131134,0.6716006994247437,-0.1735054612159729,0.854553472995758,0.5678271174430847,-0.46256102323532106,0.210625496506691,0.5498970985412598,-0.5287163078784942,0.6236398577690124,0.9408465027809143,-0.011074696737341582,0.3990358173847198,0.9269895672798156,0.010375100560486317
65,0.6942911863327026,0.6598873972892761,0.018600432202219963,0.3762188732624054,0.6539337754249572,0.09829848557710648,0.9216006875038147,0.6716919779777527,-0.1805199258029461,0.14754865765571595,0.6535412311553955,-0.18156088888645172,0.8555123567581177,0.5486716270446778,-0.5143320441246033,0.21015938222408295,0.5299653112888336,-0.5235820114612579,0.6237714529037476,0.9408116817474366,-0.017742812633514404,0.3993376553058624,0.9267660737037658,0.017021325416862965
66,0.6941935062408447,0.6564482569694519,-0.006788336858153343,0.3768467307090759,0.652242374420166,0.0942080408334732,0.9230321645736694,0.6526866316795349,-0.22809061408042908,0.14931450188159942,0.6362737655639649,-0.18438639044761657,0.8555649757385254,0.5303975880146027,-0.5430546045303345,0.21137717366218567,0.5112633287906647,-0.5136795461177825,0.6238737106323242,0.9407937884330749,-0.023104208707809448,0.39962592124938967,0.9267541646957398,0.02236737497150898
67,0.6937049746513366,0.6526922225952149,-0.020392214879393578,0.3778011918067932,0.650300931930542,0.0928798884153366,0.9195710897445679,0.6343583822250366,-0.2606592983007431,0.1530335873365402,0.6200993061065674,-0.1933966100215912,0.8535957098007202,0.5131364643573761,-0.5490699172019958,0.21595694422721862,0.4925483226776123,-0.5330149054527282,0.6236513257026672,0.9407764792442321,-0.02787488289177418,0.3999486446380615,0.9270449995994567,0.02713535390794277
68,0.693186593055725,0.6485847592353821,-0.035348644480109215,0.37944015860557556,0.6479852557182312,0.08949742764234543,0.9118210077285767,0.6179615259170532,-0.2855901300907135,0.15923523008823395,0.6056799054145813,-0.20723135471343995,0.8477569222450256,0.4955925107002258,-0.5539142847061157,0.22263886034488678,0.4746411442756653,-0.5367564678192138,0.6236043453216553,0.9406821370124817,-0.03143617175519466,0.4003834307193756,0.9273010969161988,0.030699680000543593
69,0.692609989643097,0.6454650044441224,-0.03968446142971516,0.3818219006061554,0.646066427230835,0.0861682154238224,0.9012228846549988,0.6028225541114807,-0.3013709127902985,0.16825039684772491,0.5921252489089965,-0.2137320190668106,0.8396886587142944,0.4784244477748871,-0.5662155747413635,0.23110271990299225,0.4575429499149323,-0.5375716328620911,0.6236043095588684,0.9406001687049865,-0.03346708193421364,0.40101402401924136,0.9276466369628906,0.032738422602415086
70,0.6918129920959473,0.6422172784805298,-0.05043705478310585,0.3847671627998352,0.6439486026763916,0.06902445666491985,0.8887262463569641,0.5886789798736572,-0.3149427056312561,0.180583918094635,0.5796470642089844,-0.2331470340490341,0.8289951920509339,0.46472922563552854,-0.5678166627883912,0.24028349220752715,0.4430913209915161,-0.5400925278663635,0.6234531760215759,0.940225613117218,-0.033766640722751616,0.4014740765094757,0.9274104237556458,0.033055879175662994
71,0.6913146734237671,0.6394764542579651,-0.05775231420993805,0.3877115368843079,0.6413670778274536,0.05599477253854275,0.8722149491310119,0.576611053943634,-0.3429787397384644,0.19468042254447937,0.5682930946350098,-0.25084182918071746,0.8160431742668152,0.4509404063224792,-0.6066576242446899,0.2510233521461487,0.4292650580406189,-0.5552003264427186,0.6232774734497071,0.9400417447090149,-0.03458198383450508,0.4018856167793274,0.9272601962089538,0.03388285413384438
72,0.691190528869629,0.6376600503921509,-0.07434563785791397,0.39175131916999817,0.6388826131820678,0.0391496354714036,0.8552346587181091,0.564652943611145,-0.3724543333053589,0.21296630501747132,0.5588483810424805,-0.2724433660507202,0.8018142342567444,0.4372605323791504,-0.6509410977363587,0.26059290766716003,0.41764490604400634,-0.5748382806777954,0.6233356118202209,0.9398556709289551,-0.03520704582333565,0.40226070284843446,0.9271253943443298,0.034515433758497235
73,0.6908573865890503,0.6363876700401306,-0.08368901759386063,0.39501935839653013,0.6371508955955505,0.02923008184880018,0.8372456550598144,0.5529086828231812,-0.3582759380340576,0.23303261995315552,0.5495904088020325,-0.2766420841217041,0.7869329452514648,0.4253082096576691,-0.616849136352539,0.2723793268203735,0.4072879493236542,-0.5766181349754333,0.6235077977180481,0.939972984790802,-0.03512482941150665,0.40272719860076905,0.9279660940170288,0.03444565013051033
74,0.6901118278503418,0.6354912519454956,-0.09026416391134262,0.39757041335105897,0.6355581521987915,0.014139099232852458,0.8178160190582275,0.5436405539512634,-0.3411116898059845,0.2533952623605728,0.5416650295257568,-0.2829027771949768,0.7710813522338867,0.4146995782852173,-0.5814195811748505,0.2880024671554565,0.39843963980674746,-0.5707317948341369,0.6238158345222473,0.9400632381439209,-0.03269437998533249,0.4029297113418579,0.9287476301193237,0.032038279622793195
75,0.6891279935836792,0.6353132486343384,-0.1012953594326973,0.3994991719722748,0.634262990951538,-0.0028625911101698874,0.798375952243805,0.5351012587547302,-0.3340583384037018,0.27402925193309785,0.5346218347549438,-0.2878424644470215,0.7563841223716736,0.40437163710594176,-0.5533929884433746,0.3045137286186218,0.39132843613624574,-0.5656056880950928,0.6249792456626893,0.9403977155685425,-0.02855490781366825,0.4031475007534027,0.930093252658844,0.027924482896924018
76,0.6871965408325196,0.6354717493057251,-0.11238659173250198,0.4013844966888428,0.633410632610321,-0.018024628423154353,0.7809505581855773,0.5278164148330688,-0.31063272356987,0.2928387701511383,0.5295696258544922,-0.2933607935905457,0.7429369330406189,0.39571685791015626,-0.4873269200325012,0.31949597001075747,0.38602904677391053,-0.5366761982440948,0.6262304782867432,0.9405196309089661,-0.023443316854536534,0.40348718762397767,0.9313294529914856,0.022851698845624924
77,0.6848981976509094,0.6356662750244141,-0.11091095805168152,0.4023758590221405,0.632946765422821,-0.02636217065155506,0.7645962476730347,0.5237998604774475,-0.28303037881851195,0.3088010013103485,0.525081741809845,-0.2904692471027374,0.7308640718460083,0.38970208168029785,-0.4264265239238739,0.3352599799633026,0.38201468586921694,-0.5031570792198181,0.6276155829429626,0.9409006237983704,-0.017202553618699313,0.4038316309452057,0.9327875733375549,0.016655453387647866
78,0.6826214551925659,0.6359859108924866,-0.10889697670936585,0.4037283420562744,0.632396650314331,-0.036964967101812365,0.7510666012763977,0.5199692368507385,-0.2839097321033478,0.32328408360481264,0.5215557813644409,-0.2854046106338501,0.7210836768150329,0.38413533568382263,-0.4292955458164215,0.3487722873687744,0.3786225140094757,-0.4708463430404663,0.6287075519561768,0.9413994073867797,-0.011092264391481876,0.4039634108543396,0.9335723400115967,0.01058210926130414
79,0.6807193875312805,0.6364219188690186,-0.10624504387378693,0.40537455677986145,0.6321694254875183,-0.03314792150631547,0.7414542078971863,0.5169489860534668,-0.28099956512451174,0.3355327546596527,0.5195287346839905,-0.26913329362869265,0.7133368134498597,0.38056942224502566,-0.4167434811592102,0.35793849229812624,0.37704542875289915,-0.4426598370075226,0.6296550869941712,0.942212188243866,-0.00818878561258316,0.4042237937450409,0.9345076322555542,0.0077161559835076336
80,0.6793613791465759,0.63710618019104,-0.0857961893081665,0.40696861743927004,0.6320656061172485,-0.0061185785569250585,0.7332294464111329,0.516463303565979,-0.25921846330165865,0.34522998332977295,0.5186801195144654,-0.23709192872047424,0.7064754366874695,0.3784411072731018,-0.38845773935317995,0.36547056436538694,0.3760326266288757,-0.40420737862586975,0.6297903537750245,0.9431830644607544,-0.00801452174782753,0.4044157862663269,0.9352577090263366,0.00757147315889597
81,0.6789337635040283,0.6380618691444397,-0.06932116150856019,0.40828522443771365,0.6322748184204101,0.014078131970018148,0.7266034603118896,0.5164168834686279,-0.24471017718315125,0.35342681407928467,0.5180596113204956,-0.20924798548221588,0.7006080269813537,0.37774440050125124,-0.37563122510910035,0.3724051952362061,0.3754406988620758,-0.3882844388484955,0.6298822164535522,0.9442220091819763,-0.009451102651655673,0.4045197367668152,0.9359288930892944,0.009033113159239292
82,0.6787774443626404,0.6390819668769836,-0.059734246134757994,0.4090096652507782,0.6324454188346863,0.028765769209712744,0.7224835634231568,0.516762888431549,-0.2425760269165039,0.3592246651649475,0.5174496889114379,-0.18772436380386354,0.6965507507324219,0.37766574025154115,-0.37819347381591795,0.3771826982498169,0.3752938866615295,-0.37705533504486083,0.6298996686935425,0.9450451612472535,-0.011955840792506934,0.4046232759952545,0.9364107608795166,0.01156165124848485
83,0.6786432504653931,0.6400853157043457,-0.05139275193214417,0.409477162361145,0.6325996279716491,0.03175770724192262,0.7200003623962402,0.5186612010002136,-0.24068670868873596,0.3627539098262787,0.5178995728492737,-0.19345785975456237,0.69447021484375,0.378988915681839,-0.38050019145011904,0.38032770752906797,0.3762350738048553,-0.3903649508953094,0.6298657894134522,0.9454234600067138,-0.013515294529497623,0.4047667920589447,0.936619234085083,0.013154332060366869
84,0.6784032940864563,0.6408650279045105,-0.0365878158248961,0.40960419178009033,0.6327315330505371,0.049977210350334644,0.718560767173767,0.519534683227539,-0.2247845858335495,0.3651317894458771,0.5180835008621216,-0.174173603951931,0.6938745021820069,0.3796033561229706,-0.36593843102455137,0.3818588197231293,0.37693936228752134,-0.37895322442054746,0.6297888040542603,0.9455116987228394,-0.015450466796755791,0.4047983825206757,0.9366975903511048,0.015093725174665451
